{"v":"5.1.20","fr":24,"ip":0,"op":76,"w":500,"h":800,"nm":"pantalla5","ddd":0,"assets":[],"layers":[{"ddd":0,"ind":1,"ty":4,"nm":"heart fill 6","sr":1,"ks":{"o":{"a":0,"k":100,"ix":11},"r":{"a":0,"k":179.772,"ix":10},"p":{"a":0,"k":[116.396,289.79,0],"ix":2},"a":{"a":0,"k":[674.483,-616.07,0],"ix":1},"s":{"a":0,"k":[28.892,28.892,100],"ix":6}},"ao":0,"shapes":[{"ty":"gr","it":[{"ty":"fl","c":{"a":0,"k":[1,1,1,1],"ix":4},"o":{"a":0,"k":100,"ix":5},"r":1,"nm":"Fill 1","mn":"ADBE Vector Graphic - Fill","hd":false},{"ty":"gr","it":[{"ty":"gr","it":[{"ty":"gr","it":[{"ind":0,"ty":"sh","ix":1,"ks":{"a":0,"k":{"i":[[-3.739,-6.837],[0,0],[-1.653,-0.905],[0,0],[6.837,-3.739],[0,0],[0.905,-1.653],[0,0],[3.739,6.837],[0,0],[1.655,0.904],[0,0],[-6.836,3.739],[0,0],[-0.904,1.654],[0,0]],"o":[[0,0],[0.905,1.654],[0,0],[6.837,3.739],[0,0],[-1.653,0.904],[0,0],[-3.739,6.837],[0,0],[-0.904,-1.653],[0,0],[-6.836,-3.739],[0,0],[1.655,-0.905],[0,0],[3.739,-6.837]],"v":[[8.649,-153.133],[58.346,-62.264],[62.264,-58.345],[153.132,-8.648],[153.132,8.648],[62.264,58.346],[58.346,62.265],[8.649,153.133],[-8.649,153.133],[-58.346,62.265],[-62.265,58.346],[-153.133,8.648],[-153.133,-8.648],[-62.265,-58.345],[-58.346,-62.264],[-8.649,-153.133]],"c":true},"ix":2},"nm":"Trazado 1","mn":"ADBE Vector Shape - Group","hd":false},{"ty":"fl","c":{"a":0,"k":[0.929000016755,0.783999992819,0.20800000359,1],"ix":4},"o":{"a":0,"k":100,"ix":5},"r":1,"nm":"Relleno 1","mn":"ADBE Vector Graphic - Fill","hd":false},{"ty":"tr","p":{"a":0,"k":[175.651,-73.003],"ix":2},"a":{"a":0,"k":[0,0],"ix":1},"s":{"a":0,"k":[57.664,57.664],"ix":3},"r":{"a":0,"k":0,"ix":6},"o":{"a":0,"k":100,"ix":7},"sk":{"a":0,"k":0,"ix":4},"sa":{"a":0,"k":0,"ix":5},"nm":"Transformar"}],"nm":"Grupo 1","np":2,"cix":2,"ix":1,"mn":"ADBE Vector Group","hd":false},{"ty":"tr","p":{"a":0,"k":[0,0],"ix":2},"a":{"a":0,"k":[0,0],"ix":1},"s":{"a":0,"k":[100,100],"ix":3},"r":{"a":0,"k":0,"ix":6},"o":{"a":0,"k":100,"ix":7},"sk":{"a":0,"k":0,"ix":4},"sa":{"a":0,"k":0,"ix":5},"nm":"Transformar"}],"nm":"Grupo 1","np":1,"cix":2,"ix":1,"mn":"ADBE Vector Group","hd":false},{"ty":"tr","p":{"a":0,"k":[-220.639,-161.227],"ix":2},"a":{"a":0,"k":[183.275,-68.067],"ix":1},"s":{"a":0,"k":[100,100],"ix":3},"r":{"a":0,"k":0,"ix":6},"o":{"a":0,"k":100,"ix":7},"sk":{"a":0,"k":0,"ix":4},"sa":{"a":0,"k":0,"ix":5},"nm":"Transformar"}],"nm":"Grupo 1","np":1,"cix":2,"ix":3,"mn":"ADBE Vector Group","hd":false},{"ty":"tr","p":{"a":1,"k":[{"i":{"x":0.184,"y":1},"o":{"x":0.333,"y":0},"n":"0p184_1_0p333_0","t":4,"s":[298.568,-326.573],"e":[883.298,-736.338],"to":[97.4549179077148,-68.2941589355469],"ti":[-97.4549179077148,68.2941589355469]},{"t":23.000390625}],"ix":2},"a":{"a":0,"k":[-240.225,-140.054],"ix":1},"s":{"a":1,"k":[{"i":{"x":[0.667,0.667],"y":[1,1]},"o":{"x":[0.333,0.333],"y":[0,0]},"n":["0p667_1_0p333_0","0p667_1_0p333_0"],"t":4,"s":[0,0],"e":[163,163]},{"i":{"x":[0.667,0.667],"y":[1,1]},"o":{"x":[0.417,0.417],"y":[0,0]},"n":["0p667_1_0p417_0","0p667_1_0p417_0"],"t":10,"s":[163,163],"e":[163,163]},{"i":{"x":[0.473,0.473],"y":[1,1]},"o":{"x":[0.417,0.417],"y":[0,0]},"n":["0p473_1_0p417_0","0p473_1_0p417_0"],"t":13,"s":[163,163],"e":[0,0]},{"t":20.000390625}],"ix":3},"r":{"a":1,"k":[{"i":{"x":[0.368],"y":[0.9]},"o":{"x":[0.284],"y":[0]},"n":["0p368_0p9_0p284_0"],"t":4,"s":[-165],"e":[0]},{"i":{"x":[0.519],"y":[1]},"o":{"x":[0.21],"y":[11.919]},"n":["0p519_1_0p21_11p919"],"t":10,"s":[0],"e":[0]},{"t":23.000390625}],"ix":6},"o":{"a":0,"k":100,"ix":7},"sk":{"a":0,"k":0,"ix":4},"sa":{"a":0,"k":0,"ix":5},"nm":"Transformar"}],"nm":"heart","np":3,"cix":2,"ix":1,"mn":"ADBE Vector Group","hd":false}],"ip":3.8,"op":19.8,"st":-35.4,"bm":0},{"ddd":0,"ind":2,"ty":4,"nm":"heart fill 4","sr":1,"ks":{"o":{"a":0,"k":100,"ix":11},"r":{"a":0,"k":0,"ix":10},"p":{"a":0,"k":[129.708,150.741,0],"ix":2},"a":{"a":0,"k":[-643.315,342.243,0],"ix":1},"s":{"a":0,"k":[23.489,23.489,100],"ix":6}},"ao":0,"shapes":[{"ty":"gr","it":[{"ty":"fl","c":{"a":0,"k":[1,1,1,1],"ix":4},"o":{"a":0,"k":100,"ix":5},"r":1,"nm":"Fill 1","mn":"ADBE Vector Graphic - Fill","hd":false},{"ty":"gr","it":[{"ty":"gr","it":[{"ty":"gr","it":[{"ind":0,"ty":"sh","ix":1,"ks":{"a":0,"k":{"i":[[-3.739,-6.837],[0,0],[-1.653,-0.905],[0,0],[6.837,-3.739],[0,0],[0.905,-1.653],[0,0],[3.739,6.837],[0,0],[1.655,0.904],[0,0],[-6.836,3.739],[0,0],[-0.904,1.654],[0,0]],"o":[[0,0],[0.905,1.654],[0,0],[6.837,3.739],[0,0],[-1.653,0.904],[0,0],[-3.739,6.837],[0,0],[-0.904,-1.653],[0,0],[-6.836,-3.739],[0,0],[1.655,-0.905],[0,0],[3.739,-6.837]],"v":[[8.649,-153.133],[58.346,-62.264],[62.264,-58.345],[153.132,-8.648],[153.132,8.648],[62.264,58.346],[58.346,62.265],[8.649,153.133],[-8.649,153.133],[-58.346,62.265],[-62.265,58.346],[-153.133,8.648],[-153.133,-8.648],[-62.265,-58.345],[-58.346,-62.264],[-8.649,-153.133]],"c":true},"ix":2},"nm":"Trazado 1","mn":"ADBE Vector Shape - Group","hd":false},{"ty":"fl","c":{"a":0,"k":[0.929000016755,0.783999992819,0.20800000359,1],"ix":4},"o":{"a":0,"k":100,"ix":5},"r":1,"nm":"Relleno 1","mn":"ADBE Vector Graphic - Fill","hd":false},{"ty":"tr","p":{"a":0,"k":[175.651,-73.003],"ix":2},"a":{"a":0,"k":[0,0],"ix":1},"s":{"a":0,"k":[57.664,57.664],"ix":3},"r":{"a":0,"k":0,"ix":6},"o":{"a":0,"k":100,"ix":7},"sk":{"a":0,"k":0,"ix":4},"sa":{"a":0,"k":0,"ix":5},"nm":"Transformar"}],"nm":"Grupo 1","np":2,"cix":2,"ix":1,"mn":"ADBE Vector Group","hd":false},{"ty":"tr","p":{"a":0,"k":[0,0],"ix":2},"a":{"a":0,"k":[0,0],"ix":1},"s":{"a":0,"k":[100,100],"ix":3},"r":{"a":0,"k":0,"ix":6},"o":{"a":0,"k":100,"ix":7},"sk":{"a":0,"k":0,"ix":4},"sa":{"a":0,"k":0,"ix":5},"nm":"Transformar"}],"nm":"Grupo 1","np":1,"cix":2,"ix":1,"mn":"ADBE Vector Group","hd":false},{"ty":"tr","p":{"a":0,"k":[-220.639,-161.227],"ix":2},"a":{"a":0,"k":[183.275,-68.067],"ix":1},"s":{"a":0,"k":[100,100],"ix":3},"r":{"a":0,"k":0,"ix":6},"o":{"a":0,"k":100,"ix":7},"sk":{"a":0,"k":0,"ix":4},"sa":{"a":0,"k":0,"ix":5},"nm":"Transformar"}],"nm":"Grupo 1","np":1,"cix":2,"ix":3,"mn":"ADBE Vector Group","hd":false},{"ty":"tr","p":{"a":1,"k":[{"i":{"x":0.446,"y":0.725},"o":{"x":0.469,"y":0},"n":"0p446_0p725_0p469_0","t":1,"s":[-142.432,736.427],"e":[-652.52,337.37],"to":[-18.0365009307861,-93.7604064941406],"ti":[123.40064239502,112.617546081543]},{"t":12.000390625}],"ix":2},"a":{"a":0,"k":[-240.225,-174.054],"ix":1},"s":{"a":1,"k":[{"i":{"x":[0.71,0.71],"y":[1.342,1.342]},"o":{"x":[0.333,0.333],"y":[0,0]},"n":["0p71_1p342_0p333_0","0p71_1p342_0p333_0"],"t":1,"s":[0,0],"e":[102,102]},{"i":{"x":[0.71,0.71],"y":[18.428,18.428]},"o":{"x":[0.167,0.167],"y":[-10,-10]},"n":["0p71_18p428_0p167_-10","0p71_18p428_0p167_-10"],"t":7,"s":[102,102],"e":[102,102]},{"i":{"x":[0.71,0.71],"y":[0.601,0.601]},"o":{"x":[0.167,0.167],"y":[0.229,0.229]},"n":["0p71_0p601_0p167_0p229","0p71_0p601_0p167_0p229"],"t":10,"s":[102,102],"e":[0,0]},{"t":17.000390625}],"ix":3},"r":{"a":1,"k":[{"i":{"x":[0.312],"y":[1]},"o":{"x":[0.121],"y":[0.234]},"n":["0p312_1_0p121_0p234"],"t":1,"s":[-90.119],"e":[0]},{"t":17.000390625}],"ix":6},"o":{"a":0,"k":100,"ix":7},"sk":{"a":0,"k":0,"ix":4},"sa":{"a":0,"k":0,"ix":5},"nm":"Transformar"}],"nm":"heart","np":3,"cix":2,"ix":1,"mn":"ADBE Vector Group","hd":false},{"ty":"gr","it":[{"ty":"tr","p":{"a":0,"k":[0,0],"ix":2},"a":{"a":0,"k":[0,0],"ix":1},"s":{"a":0,"k":[130.107,130.107],"ix":3},"r":{"a":0,"k":0,"ix":6},"o":{"a":0,"k":100,"ix":7},"sk":{"a":0,"k":0,"ix":4},"sa":{"a":0,"k":0,"ix":5},"nm":"Transformar"}],"nm":"Grupo 1","np":0,"cix":2,"ix":3,"mn":"ADBE Vector Group","hd":false}],"ip":0.8,"op":16.8,"st":-38.4,"bm":0},{"ddd":0,"ind":3,"ty":4,"nm":"heart fill 8","sr":1,"ks":{"o":{"a":0,"k":100,"ix":11},"r":{"a":0,"k":0,"ix":10},"p":{"a":0,"k":[143.979,359.765,0],"ix":2},"a":{"a":0,"k":[-1357.553,698.123,0],"ix":1},"s":{"a":0,"k":[23.489,23.489,100],"ix":6}},"ao":0,"shapes":[{"ty":"gr","it":[{"ty":"fl","c":{"a":0,"k":[1,1,1,1],"ix":4},"o":{"a":0,"k":100,"ix":5},"r":1,"nm":"Fill 1","mn":"ADBE Vector Graphic - Fill","hd":false},{"ty":"gr","it":[{"ty":"gr","it":[{"ty":"gr","it":[{"ind":0,"ty":"sh","ix":1,"ks":{"a":0,"k":{"i":[[-3.739,-6.837],[0,0],[-1.653,-0.905],[0,0],[6.837,-3.739],[0,0],[0.905,-1.653],[0,0],[3.739,6.837],[0,0],[1.655,0.904],[0,0],[-6.836,3.739],[0,0],[-0.904,1.654],[0,0]],"o":[[0,0],[0.905,1.654],[0,0],[6.837,3.739],[0,0],[-1.653,0.904],[0,0],[-3.739,6.837],[0,0],[-0.904,-1.653],[0,0],[-6.836,-3.739],[0,0],[1.655,-0.905],[0,0],[3.739,-6.837]],"v":[[8.649,-153.133],[58.346,-62.264],[62.264,-58.345],[153.132,-8.648],[153.132,8.648],[62.264,58.346],[58.346,62.265],[8.649,153.133],[-8.649,153.133],[-58.346,62.265],[-62.265,58.346],[-153.133,8.648],[-153.133,-8.648],[-62.265,-58.345],[-58.346,-62.264],[-8.649,-153.133]],"c":true},"ix":2},"nm":"Trazado 1","mn":"ADBE Vector Shape - Group","hd":false},{"ty":"fl","c":{"a":0,"k":[0.929000016755,0.783999992819,0.20800000359,1],"ix":4},"o":{"a":0,"k":100,"ix":5},"r":1,"nm":"Relleno 1","mn":"ADBE Vector Graphic - Fill","hd":false},{"ty":"tr","p":{"a":0,"k":[175.651,-73.003],"ix":2},"a":{"a":0,"k":[0,0],"ix":1},"s":{"a":0,"k":[57.664,57.664],"ix":3},"r":{"a":0,"k":0,"ix":6},"o":{"a":0,"k":100,"ix":7},"sk":{"a":0,"k":0,"ix":4},"sa":{"a":0,"k":0,"ix":5},"nm":"Transformar"}],"nm":"Grupo 1","np":2,"cix":2,"ix":1,"mn":"ADBE Vector Group","hd":false},{"ty":"tr","p":{"a":0,"k":[0,0],"ix":2},"a":{"a":0,"k":[0,0],"ix":1},"s":{"a":0,"k":[100,100],"ix":3},"r":{"a":0,"k":0,"ix":6},"o":{"a":0,"k":100,"ix":7},"sk":{"a":0,"k":0,"ix":4},"sa":{"a":0,"k":0,"ix":5},"nm":"Transformar"}],"nm":"Grupo 1","np":1,"cix":2,"ix":1,"mn":"ADBE Vector Group","hd":false},{"ty":"tr","p":{"a":0,"k":[-220.639,-161.227],"ix":2},"a":{"a":0,"k":[183.275,-68.067],"ix":1},"s":{"a":0,"k":[100,100],"ix":3},"r":{"a":0,"k":0,"ix":6},"o":{"a":0,"k":100,"ix":7},"sk":{"a":0,"k":0,"ix":4},"sa":{"a":0,"k":0,"ix":5},"nm":"Transformar"}],"nm":"Grupo 1","np":1,"cix":2,"ix":3,"mn":"ADBE Vector Group","hd":false},{"ty":"tr","p":{"a":1,"k":[{"i":{"x":0.223,"y":0.939},"o":{"x":0.358,"y":0},"n":"0p223_0p939_0p358_0","t":3,"s":[-922.432,151.427],"e":[-1400.58,768.951],"to":[128.719940185547,-32.7676391601563],"ti":[-110.145896911621,17.7853908538818]},{"i":{"x":0.655,"y":0.995},"o":{"x":0.322,"y":0.012},"n":"0p655_0p995_0p322_0p012","t":17,"s":[-1400.58,768.951],"e":[-1324.736,665.925],"to":[1.47737205028534,-0.23855303227901],"ti":[-1.7535046339035,0.44638156890869]},{"t":18.000390625}],"ix":2},"a":{"a":0,"k":[-240.225,-174.054],"ix":1},"s":{"a":1,"k":[{"i":{"x":[0.667,0.667],"y":[1,1]},"o":{"x":[0.333,0.333],"y":[0,0]},"n":["0p667_1_0p333_0","0p667_1_0p333_0"],"t":2.8,"s":[0,0],"e":[100,100]},{"i":{"x":[0.667,0.667],"y":[1,1]},"o":{"x":[0.333,0.333],"y":[0,0]},"n":["0p667_1_0p333_0","0p667_1_0p333_0"],"t":8.56,"s":[100,100],"e":[100,100]},{"i":{"x":[0.473,0.473],"y":[1,1]},"o":{"x":[0.417,0.417],"y":[0,0]},"n":["0p473_1_0p417_0","0p473_1_0p417_0"],"t":9.591,"s":[100,100],"e":[0,0]},{"t":18.8001953125}],"ix":3},"r":{"a":1,"k":[{"i":{"x":[0.152],"y":[1]},"o":{"x":[0.167],"y":[0]},"n":["0p152_1_0p167_0"],"t":2.8,"s":[-28],"e":[0]},{"t":18.8001953125}],"ix":6},"o":{"a":0,"k":100,"ix":7},"sk":{"a":0,"k":0,"ix":4},"sa":{"a":0,"k":0,"ix":5},"nm":"Transformar"}],"nm":"heart","np":3,"cix":2,"ix":1,"mn":"ADBE Vector Group","hd":false}],"ip":2.8,"op":18.8,"st":-36.4,"bm":0},{"ddd":0,"ind":4,"ty":4,"nm":"heart fill 3","sr":1,"ks":{"o":{"a":0,"k":100,"ix":11},"r":{"a":0,"k":0,"ix":10},"p":{"a":0,"k":[413.386,162.588,0],"ix":2},"a":{"a":0,"k":[-125.555,90.245,0],"ix":1},"s":{"a":0,"k":[23.489,23.489,100],"ix":6}},"ao":0,"shapes":[{"ty":"gr","it":[{"ty":"fl","c":{"a":0,"k":[1,1,1,1],"ix":4},"o":{"a":0,"k":100,"ix":5},"r":1,"nm":"Fill 1","mn":"ADBE Vector Graphic - Fill","hd":false},{"ty":"gr","it":[{"ty":"gr","it":[{"ty":"gr","it":[{"ind":0,"ty":"sh","ix":1,"ks":{"a":0,"k":{"i":[[-3.739,-6.837],[0,0],[-1.653,-0.905],[0,0],[6.837,-3.739],[0,0],[0.905,-1.653],[0,0],[3.739,6.837],[0,0],[1.655,0.904],[0,0],[-6.836,3.739],[0,0],[-0.904,1.654],[0,0]],"o":[[0,0],[0.905,1.654],[0,0],[6.837,3.739],[0,0],[-1.653,0.904],[0,0],[-3.739,6.837],[0,0],[-0.904,-1.653],[0,0],[-6.836,-3.739],[0,0],[1.655,-0.905],[0,0],[3.739,-6.837]],"v":[[8.649,-153.133],[58.346,-62.264],[62.264,-58.345],[153.132,-8.648],[153.132,8.648],[62.264,58.346],[58.346,62.265],[8.649,153.133],[-8.649,153.133],[-58.346,62.265],[-62.265,58.346],[-153.133,8.648],[-153.133,-8.648],[-62.265,-58.345],[-58.346,-62.264],[-8.649,-153.133]],"c":true},"ix":2},"nm":"Trazado 1","mn":"ADBE Vector Shape - Group","hd":false},{"ty":"fl","c":{"a":0,"k":[0.929000016755,0.783999992819,0.20800000359,1],"ix":4},"o":{"a":0,"k":100,"ix":5},"r":1,"nm":"Relleno 1","mn":"ADBE Vector Graphic - Fill","hd":false},{"ty":"tr","p":{"a":0,"k":[175.651,-73.003],"ix":2},"a":{"a":0,"k":[0,0],"ix":1},"s":{"a":0,"k":[57.664,57.664],"ix":3},"r":{"a":0,"k":0,"ix":6},"o":{"a":0,"k":100,"ix":7},"sk":{"a":0,"k":0,"ix":4},"sa":{"a":0,"k":0,"ix":5},"nm":"Transformar"}],"nm":"Grupo 1","np":2,"cix":2,"ix":1,"mn":"ADBE Vector Group","hd":false},{"ty":"tr","p":{"a":0,"k":[0,0],"ix":2},"a":{"a":0,"k":[0,0],"ix":1},"s":{"a":0,"k":[100,100],"ix":3},"r":{"a":0,"k":0,"ix":6},"o":{"a":0,"k":100,"ix":7},"sk":{"a":0,"k":0,"ix":4},"sa":{"a":0,"k":0,"ix":5},"nm":"Transformar"}],"nm":"Grupo 1","np":1,"cix":2,"ix":1,"mn":"ADBE Vector Group","hd":false},{"ty":"tr","p":{"a":0,"k":[-220.639,-161.227],"ix":2},"a":{"a":0,"k":[183.275,-68.067],"ix":1},"s":{"a":0,"k":[100,100],"ix":3},"r":{"a":0,"k":0,"ix":6},"o":{"a":0,"k":100,"ix":7},"sk":{"a":0,"k":0,"ix":4},"sa":{"a":0,"k":0,"ix":5},"nm":"Transformar"}],"nm":"Grupo 1","np":1,"cix":2,"ix":3,"mn":"ADBE Vector Group","hd":false},{"ty":"tr","p":{"a":1,"k":[{"i":{"x":0.184,"y":1},"o":{"x":0.333,"y":0},"n":"0p184_1_0p333_0","t":1,"s":[-825.432,415.427],"e":[-62.702,5.662],"to":[127.12158203125,-68.2941589355469],"ti":[-127.12158203125,68.2941589355469]},{"t":20.000390625}],"ix":2},"a":{"a":0,"k":[-240.225,-174.054],"ix":1},"s":{"a":1,"k":[{"i":{"x":[0.667,0.667],"y":[1,1]},"o":{"x":[0.333,0.333],"y":[0,0]},"n":["0p667_1_0p333_0","0p667_1_0p333_0"],"t":1,"s":[0,0],"e":[220,220]},{"i":{"x":[0.667,0.667],"y":[1,1]},"o":{"x":[0.417,0.417],"y":[0,0]},"n":["0p667_1_0p417_0","0p667_1_0p417_0"],"t":7,"s":[220,220],"e":[220,220]},{"i":{"x":[0.473,0.473],"y":[1,1]},"o":{"x":[0.417,0.417],"y":[0,0]},"n":["0p473_1_0p417_0","0p473_1_0p417_0"],"t":10,"s":[220,220],"e":[0,0]},{"t":20.000390625}],"ix":3},"r":{"a":1,"k":[{"i":{"x":[0.368],"y":[0.9]},"o":{"x":[0.284],"y":[0]},"n":["0p368_0p9_0p284_0"],"t":1,"s":[-165],"e":[0]},{"i":{"x":[0.519],"y":[1]},"o":{"x":[0.21],"y":[11.919]},"n":["0p519_1_0p21_11p919"],"t":7,"s":[0],"e":[0]},{"t":20.000390625}],"ix":6},"o":{"a":0,"k":100,"ix":7},"sk":{"a":0,"k":0,"ix":4},"sa":{"a":0,"k":0,"ix":5},"nm":"Transformar"}],"nm":"heart","np":3,"cix":2,"ix":1,"mn":"ADBE Vector Group","hd":false}],"ip":0.8,"op":16.8,"st":-38.4,"bm":0},{"ddd":0,"ind":5,"ty":4,"nm":"heart fill 7","sr":1,"ks":{"o":{"a":0,"k":100,"ix":11},"r":{"a":0,"k":0,"ix":10},"p":{"a":0,"k":[433.366,216.978,0],"ix":2},"a":{"a":0,"k":[-125.555,90.245,0],"ix":1},"s":{"a":0,"k":[23.489,23.489,100],"ix":6}},"ao":0,"shapes":[{"ty":"gr","it":[{"ty":"fl","c":{"a":0,"k":[1,1,1,1],"ix":4},"o":{"a":0,"k":100,"ix":5},"r":1,"nm":"Fill 1","mn":"ADBE Vector Graphic - Fill","hd":false},{"ty":"gr","it":[{"ty":"gr","it":[{"ty":"gr","it":[{"ind":0,"ty":"sh","ix":1,"ks":{"a":0,"k":{"i":[[-3.739,-6.837],[0,0],[-1.653,-0.905],[0,0],[6.837,-3.739],[0,0],[0.905,-1.653],[0,0],[3.739,6.837],[0,0],[1.655,0.904],[0,0],[-6.836,3.739],[0,0],[-0.904,1.654],[0,0]],"o":[[0,0],[0.905,1.654],[0,0],[6.837,3.739],[0,0],[-1.653,0.904],[0,0],[-3.739,6.837],[0,0],[-0.904,-1.653],[0,0],[-6.836,-3.739],[0,0],[1.655,-0.905],[0,0],[3.739,-6.837]],"v":[[8.649,-153.133],[58.346,-62.264],[62.264,-58.345],[153.132,-8.648],[153.132,8.648],[62.264,58.346],[58.346,62.265],[8.649,153.133],[-8.649,153.133],[-58.346,62.265],[-62.265,58.346],[-153.133,8.648],[-153.133,-8.648],[-62.265,-58.345],[-58.346,-62.264],[-8.649,-153.133]],"c":true},"ix":2},"nm":"Trazado 1","mn":"ADBE Vector Shape - Group","hd":false},{"ty":"fl","c":{"a":0,"k":[0.929000016755,0.783999992819,0.20800000359,1],"ix":4},"o":{"a":0,"k":100,"ix":5},"r":1,"nm":"Relleno 1","mn":"ADBE Vector Graphic - Fill","hd":false},{"ty":"tr","p":{"a":0,"k":[175.651,-73.003],"ix":2},"a":{"a":0,"k":[0,0],"ix":1},"s":{"a":0,"k":[57.664,57.664],"ix":3},"r":{"a":0,"k":0,"ix":6},"o":{"a":0,"k":100,"ix":7},"sk":{"a":0,"k":0,"ix":4},"sa":{"a":0,"k":0,"ix":5},"nm":"Transformar"}],"nm":"Grupo 1","np":2,"cix":2,"ix":1,"mn":"ADBE Vector Group","hd":false},{"ty":"tr","p":{"a":0,"k":[0,0],"ix":2},"a":{"a":0,"k":[0,0],"ix":1},"s":{"a":0,"k":[100,100],"ix":3},"r":{"a":0,"k":0,"ix":6},"o":{"a":0,"k":100,"ix":7},"sk":{"a":0,"k":0,"ix":4},"sa":{"a":0,"k":0,"ix":5},"nm":"Transformar"}],"nm":"Grupo 1","np":1,"cix":2,"ix":1,"mn":"ADBE Vector Group","hd":false},{"ty":"tr","p":{"a":0,"k":[-220.639,-161.227],"ix":2},"a":{"a":0,"k":[183.275,-68.067],"ix":1},"s":{"a":0,"k":[100,100],"ix":3},"r":{"a":0,"k":0,"ix":6},"o":{"a":0,"k":100,"ix":7},"sk":{"a":0,"k":0,"ix":4},"sa":{"a":0,"k":0,"ix":5},"nm":"Transformar"}],"nm":"Grupo 1","np":1,"cix":2,"ix":3,"mn":"ADBE Vector Group","hd":false},{"ty":"tr","p":{"a":1,"k":[{"i":{"x":0.222,"y":0.952},"o":{"x":0.357,"y":0},"n":"0p222_0p952_0p357_0","t":5,"s":[-921.432,165.427],"e":[-423.194,-321.174],"to":[129.306945800781,-32.9170684814453],"ti":[-130.320983886719,34.682300567627]},{"i":{"x":0.656,"y":0.998},"o":{"x":0.323,"y":0.003},"n":"0p656_0p998_0p323_0p003","t":20,"s":[-423.194,-321.174],"e":[-584.736,-8.075],"to":[1.14843583106995,-0.30563303828239],"ti":[-1.15732097625732,0.2946138381958]},{"t":21.000390625}],"ix":2},"a":{"a":0,"k":[-240.225,-174.054],"ix":1},"s":{"a":1,"k":[{"i":{"x":[0.667,0.667],"y":[1,1]},"o":{"x":[0.333,0.333],"y":[0,0]},"n":["0p667_1_0p333_0","0p667_1_0p333_0"],"t":4.8,"s":[0,0],"e":[100,100]},{"i":{"x":[0.667,0.667],"y":[1,1]},"o":{"x":[0.333,0.333],"y":[0,0]},"n":["0p667_1_0p333_0","0p667_1_0p333_0"],"t":10.56,"s":[100,100],"e":[100,100]},{"i":{"x":[0.473,0.473],"y":[1,1]},"o":{"x":[0.417,0.417],"y":[0,0]},"n":["0p473_1_0p417_0","0p473_1_0p417_0"],"t":11.591,"s":[100,100],"e":[0,0]},{"t":20.8001953125}],"ix":3},"r":{"a":1,"k":[{"i":{"x":[0.152],"y":[1]},"o":{"x":[0.167],"y":[0]},"n":["0p152_1_0p167_0"],"t":4.8,"s":[-28],"e":[0]},{"t":20.8001953125}],"ix":6},"o":{"a":0,"k":100,"ix":7},"sk":{"a":0,"k":0,"ix":4},"sa":{"a":0,"k":0,"ix":5},"nm":"Transformar"}],"nm":"heart","np":3,"cix":2,"ix":1,"mn":"ADBE Vector Group","hd":false}],"ip":4.8,"op":20.8,"st":-34.4,"bm":0},{"ddd":0,"ind":6,"ty":4,"nm":"heart fill 9","sr":1,"ks":{"o":{"a":0,"k":100,"ix":11},"r":{"a":0,"k":0,"ix":10},"p":{"a":0,"k":[433.366,216.978,0],"ix":2},"a":{"a":0,"k":[-125.555,90.245,0],"ix":1},"s":{"a":0,"k":[23.489,23.489,100],"ix":6}},"ao":0,"shapes":[{"ty":"gr","it":[{"ty":"fl","c":{"a":0,"k":[1,1,1,1],"ix":4},"o":{"a":0,"k":100,"ix":5},"r":1,"nm":"Fill 1","mn":"ADBE Vector Graphic - Fill","hd":false},{"ty":"gr","it":[{"ty":"gr","it":[{"ty":"gr","it":[{"ind":0,"ty":"sh","ix":1,"ks":{"a":0,"k":{"i":[[-3.739,-6.837],[0,0],[-1.653,-0.905],[0,0],[6.837,-3.739],[0,0],[0.905,-1.653],[0,0],[3.739,6.837],[0,0],[1.655,0.904],[0,0],[-6.836,3.739],[0,0],[-0.904,1.654],[0,0]],"o":[[0,0],[0.905,1.654],[0,0],[6.837,3.739],[0,0],[-1.653,0.904],[0,0],[-3.739,6.837],[0,0],[-0.904,-1.653],[0,0],[-6.836,-3.739],[0,0],[1.655,-0.905],[0,0],[3.739,-6.837]],"v":[[8.649,-153.133],[58.346,-62.264],[62.264,-58.345],[153.132,-8.648],[153.132,8.648],[62.264,58.346],[58.346,62.265],[8.649,153.133],[-8.649,153.133],[-58.346,62.265],[-62.265,58.346],[-153.133,8.648],[-153.133,-8.648],[-62.265,-58.345],[-58.346,-62.264],[-8.649,-153.133]],"c":true},"ix":2},"nm":"Trazado 1","mn":"ADBE Vector Shape - Group","hd":false},{"ty":"fl","c":{"a":0,"k":[0.929000016755,0.783999992819,0.20800000359,1],"ix":4},"o":{"a":0,"k":100,"ix":5},"r":1,"nm":"Relleno 1","mn":"ADBE Vector Graphic - Fill","hd":false},{"ty":"tr","p":{"a":0,"k":[175.651,-73.003],"ix":2},"a":{"a":0,"k":[0,0],"ix":1},"s":{"a":0,"k":[57.664,57.664],"ix":3},"r":{"a":0,"k":0,"ix":6},"o":{"a":0,"k":100,"ix":7},"sk":{"a":0,"k":0,"ix":4},"sa":{"a":0,"k":0,"ix":5},"nm":"Transformar"}],"nm":"Grupo 1","np":2,"cix":2,"ix":1,"mn":"ADBE Vector Group","hd":false},{"ty":"tr","p":{"a":0,"k":[0,0],"ix":2},"a":{"a":0,"k":[0,0],"ix":1},"s":{"a":0,"k":[100,100],"ix":3},"r":{"a":0,"k":0,"ix":6},"o":{"a":0,"k":100,"ix":7},"sk":{"a":0,"k":0,"ix":4},"sa":{"a":0,"k":0,"ix":5},"nm":"Transformar"}],"nm":"Grupo 1","np":1,"cix":2,"ix":1,"mn":"ADBE Vector Group","hd":false},{"ty":"tr","p":{"a":0,"k":[-220.639,-161.227],"ix":2},"a":{"a":0,"k":[183.275,-68.067],"ix":1},"s":{"a":0,"k":[100,100],"ix":3},"r":{"a":0,"k":0,"ix":6},"o":{"a":0,"k":100,"ix":7},"sk":{"a":0,"k":0,"ix":4},"sa":{"a":0,"k":0,"ix":5},"nm":"Transformar"}],"nm":"Grupo 1","np":1,"cix":2,"ix":3,"mn":"ADBE Vector Group","hd":false},{"ty":"tr","p":{"a":1,"k":[{"i":{"x":0.201,"y":0.97},"o":{"x":0.344,"y":0},"n":"0p201_0p97_0p344_0","t":5,"s":[-921.432,165.427],"e":[-281.736,471.925],"to":[130.446441650391,-33.207145690918],"ti":[-132.486557006836,33.7264862060547]},{"t":20.000390625}],"ix":2},"a":{"a":0,"k":[-240.225,-174.054],"ix":1},"s":{"a":1,"k":[{"i":{"x":[0.667,0.667],"y":[1,1]},"o":{"x":[0.333,0.333],"y":[0,0]},"n":["0p667_1_0p333_0","0p667_1_0p333_0"],"t":4.8,"s":[0,0],"e":[100,100]},{"i":{"x":[0.667,0.667],"y":[1,1]},"o":{"x":[0.333,0.333],"y":[0,0]},"n":["0p667_1_0p333_0","0p667_1_0p333_0"],"t":10.56,"s":[100,100],"e":[100,100]},{"i":{"x":[0.473,0.473],"y":[1,1]},"o":{"x":[0.417,0.417],"y":[0,0]},"n":["0p473_1_0p417_0","0p473_1_0p417_0"],"t":11.591,"s":[100,100],"e":[0,0]},{"t":20.8001953125}],"ix":3},"r":{"a":1,"k":[{"i":{"x":[0.152],"y":[1]},"o":{"x":[0.167],"y":[0]},"n":["0p152_1_0p167_0"],"t":4.8,"s":[-28],"e":[0]},{"t":20.8001953125}],"ix":6},"o":{"a":0,"k":100,"ix":7},"sk":{"a":0,"k":0,"ix":4},"sa":{"a":0,"k":0,"ix":5},"nm":"Transformar"}],"nm":"heart","np":3,"cix":2,"ix":1,"mn":"ADBE Vector Group","hd":false}],"ip":4.8,"op":20.8,"st":-34.4,"bm":0},{"ddd":0,"ind":7,"ty":4,"nm":"heart fill 2","sr":1,"ks":{"o":{"a":0,"k":100,"ix":11},"r":{"a":0,"k":0,"ix":10},"p":{"a":0,"k":[433.366,216.978,0],"ix":2},"a":{"a":0,"k":[-125.555,90.245,0],"ix":1},"s":{"a":0,"k":[23.489,23.489,100],"ix":6}},"ao":0,"shapes":[{"ty":"gr","it":[{"ty":"fl","c":{"a":0,"k":[1,1,1,1],"ix":4},"o":{"a":0,"k":100,"ix":5},"r":1,"nm":"Fill 1","mn":"ADBE Vector Graphic - Fill","hd":false},{"ty":"gr","it":[{"ty":"gr","it":[{"ty":"gr","it":[{"ind":0,"ty":"sh","ix":1,"ks":{"a":0,"k":{"i":[[-3.739,-6.837],[0,0],[-1.653,-0.905],[0,0],[6.837,-3.739],[0,0],[0.905,-1.653],[0,0],[3.739,6.837],[0,0],[1.655,0.904],[0,0],[-6.836,3.739],[0,0],[-0.904,1.654],[0,0]],"o":[[0,0],[0.905,1.654],[0,0],[6.837,3.739],[0,0],[-1.653,0.904],[0,0],[-3.739,6.837],[0,0],[-0.904,-1.653],[0,0],[-6.836,-3.739],[0,0],[1.655,-0.905],[0,0],[3.739,-6.837]],"v":[[8.649,-153.133],[58.346,-62.264],[62.264,-58.345],[153.132,-8.648],[153.132,8.648],[62.264,58.346],[58.346,62.265],[8.649,153.133],[-8.649,153.133],[-58.346,62.265],[-62.265,58.346],[-153.133,8.648],[-153.133,-8.648],[-62.265,-58.345],[-58.346,-62.264],[-8.649,-153.133]],"c":true},"ix":2},"nm":"Trazado 1","mn":"ADBE Vector Shape - Group","hd":false},{"ty":"fl","c":{"a":0,"k":[0.929000016755,0.783999992819,0.20800000359,1],"ix":4},"o":{"a":0,"k":100,"ix":5},"r":1,"nm":"Relleno 1","mn":"ADBE Vector Graphic - Fill","hd":false},{"ty":"tr","p":{"a":0,"k":[175.651,-73.003],"ix":2},"a":{"a":0,"k":[0,0],"ix":1},"s":{"a":0,"k":[57.664,57.664],"ix":3},"r":{"a":0,"k":0,"ix":6},"o":{"a":0,"k":100,"ix":7},"sk":{"a":0,"k":0,"ix":4},"sa":{"a":0,"k":0,"ix":5},"nm":"Transformar"}],"nm":"Grupo 1","np":2,"cix":2,"ix":1,"mn":"ADBE Vector Group","hd":false},{"ty":"tr","p":{"a":0,"k":[0,0],"ix":2},"a":{"a":0,"k":[0,0],"ix":1},"s":{"a":0,"k":[100,100],"ix":3},"r":{"a":0,"k":0,"ix":6},"o":{"a":0,"k":100,"ix":7},"sk":{"a":0,"k":0,"ix":4},"sa":{"a":0,"k":0,"ix":5},"nm":"Transformar"}],"nm":"Grupo 1","np":1,"cix":2,"ix":1,"mn":"ADBE Vector Group","hd":false},{"ty":"tr","p":{"a":0,"k":[-220.639,-161.227],"ix":2},"a":{"a":0,"k":[183.275,-68.067],"ix":1},"s":{"a":0,"k":[100,100],"ix":3},"r":{"a":0,"k":0,"ix":6},"o":{"a":0,"k":100,"ix":7},"sk":{"a":0,"k":0,"ix":4},"sa":{"a":0,"k":0,"ix":5},"nm":"Transformar"}],"nm":"Grupo 1","np":1,"cix":2,"ix":3,"mn":"ADBE Vector Group","hd":false},{"ty":"tr","p":{"a":1,"k":[{"i":{"x":0.201,"y":0.973},"o":{"x":0.344,"y":0},"n":"0p201_0p973_0p344_0","t":3,"s":[-921.432,165.427],"e":[-137.736,146.925],"to":[130.446441650391,-33.207145690918],"ti":[-132.486557006836,33.7264862060547]},{"t":18.000390625}],"ix":2},"a":{"a":0,"k":[-240.225,-174.054],"ix":1},"s":{"a":1,"k":[{"i":{"x":[0.667,0.667],"y":[1,1]},"o":{"x":[0.333,0.333],"y":[0,0]},"n":["0p667_1_0p333_0","0p667_1_0p333_0"],"t":2.8,"s":[0,0],"e":[100,100]},{"i":{"x":[0.667,0.667],"y":[1,1]},"o":{"x":[0.333,0.333],"y":[0,0]},"n":["0p667_1_0p333_0","0p667_1_0p333_0"],"t":8.56,"s":[100,100],"e":[100,100]},{"i":{"x":[0.473,0.473],"y":[1,1]},"o":{"x":[0.417,0.417],"y":[0,0]},"n":["0p473_1_0p417_0","0p473_1_0p417_0"],"t":9.591,"s":[100,100],"e":[0,0]},{"t":18.8001953125}],"ix":3},"r":{"a":1,"k":[{"i":{"x":[0.152],"y":[1]},"o":{"x":[0.167],"y":[0]},"n":["0p152_1_0p167_0"],"t":2.8,"s":[-28],"e":[0]},{"t":18.8001953125}],"ix":6},"o":{"a":0,"k":100,"ix":7},"sk":{"a":0,"k":0,"ix":4},"sa":{"a":0,"k":0,"ix":5},"nm":"Transformar"}],"nm":"heart","np":3,"cix":2,"ix":1,"mn":"ADBE Vector Group","hd":false}],"ip":2.8,"op":18.8,"st":-36.4,"bm":0},{"ddd":0,"ind":8,"ty":4,"nm":"heart fill 15","sr":1,"ks":{"o":{"a":0,"k":100,"ix":11},"r":{"a":0,"k":0,"ix":10},"p":{"a":0,"k":[215.804,180.067,0],"ix":2},"a":{"a":0,"k":[-910.422,169.524,0],"ix":1},"s":{"a":0,"k":[33.202,33.202,100],"ix":6}},"ao":0,"shapes":[{"ty":"gr","it":[{"ty":"fl","c":{"a":0,"k":[1,1,1,1],"ix":4},"o":{"a":0,"k":100,"ix":5},"r":1,"nm":"Fill 1","mn":"ADBE Vector Graphic - Fill","hd":false},{"ty":"gr","it":[{"ty":"gr","it":[{"ty":"gr","it":[{"ind":0,"ty":"sh","ix":1,"ks":{"a":0,"k":{"i":[[-3.739,-6.837],[0,0],[-1.653,-0.905],[0,0],[6.837,-3.739],[0,0],[0.905,-1.653],[0,0],[3.739,6.837],[0,0],[1.655,0.904],[0,0],[-6.836,3.739],[0,0],[-0.904,1.654],[0,0]],"o":[[0,0],[0.905,1.654],[0,0],[6.837,3.739],[0,0],[-1.653,0.904],[0,0],[-3.739,6.837],[0,0],[-0.904,-1.653],[0,0],[-6.836,-3.739],[0,0],[1.655,-0.905],[0,0],[3.739,-6.837]],"v":[[8.649,-153.133],[58.346,-62.264],[62.264,-58.345],[153.132,-8.648],[153.132,8.648],[62.264,58.346],[58.346,62.265],[8.649,153.133],[-8.649,153.133],[-58.346,62.265],[-62.265,58.346],[-153.133,8.648],[-153.133,-8.648],[-62.265,-58.345],[-58.346,-62.264],[-8.649,-153.133]],"c":true},"ix":2},"nm":"Trazado 1","mn":"ADBE Vector Shape - Group","hd":false},{"ty":"fl","c":{"a":0,"k":[0.929000016755,0.783999992819,0.20800000359,1],"ix":4},"o":{"a":0,"k":100,"ix":5},"r":1,"nm":"Relleno 1","mn":"ADBE Vector Graphic - Fill","hd":false},{"ty":"tr","p":{"a":0,"k":[175.651,-73.003],"ix":2},"a":{"a":0,"k":[0,0],"ix":1},"s":{"a":0,"k":[57.664,57.664],"ix":3},"r":{"a":0,"k":0,"ix":6},"o":{"a":0,"k":100,"ix":7},"sk":{"a":0,"k":0,"ix":4},"sa":{"a":0,"k":0,"ix":5},"nm":"Transformar"}],"nm":"Grupo 1","np":2,"cix":2,"ix":1,"mn":"ADBE Vector Group","hd":false},{"ty":"tr","p":{"a":0,"k":[0,0],"ix":2},"a":{"a":0,"k":[0,0],"ix":1},"s":{"a":0,"k":[100,100],"ix":3},"r":{"a":0,"k":0,"ix":6},"o":{"a":0,"k":100,"ix":7},"sk":{"a":0,"k":0,"ix":4},"sa":{"a":0,"k":0,"ix":5},"nm":"Transformar"}],"nm":"Grupo 1","np":1,"cix":2,"ix":1,"mn":"ADBE Vector Group","hd":false},{"ty":"tr","p":{"a":0,"k":[-220.639,-161.227],"ix":2},"a":{"a":0,"k":[183.275,-68.067],"ix":1},"s":{"a":0,"k":[100,100],"ix":3},"r":{"a":0,"k":0,"ix":6},"o":{"a":0,"k":100,"ix":7},"sk":{"a":0,"k":0,"ix":4},"sa":{"a":0,"k":0,"ix":5},"nm":"Transformar"}],"nm":"Grupo 1","np":1,"cix":2,"ix":3,"mn":"ADBE Vector Group","hd":false},{"ty":"tr","p":{"a":0,"k":[-921.432,165.427],"ix":2},"a":{"a":0,"k":[-240.225,-174.054],"ix":1},"s":{"a":1,"k":[{"i":{"x":[0.833,0.833],"y":[1,1]},"o":{"x":[0.167,0.167],"y":[0.167,0.167]},"n":["0p833_1_0p167_0p167","0p833_1_0p167_0p167"],"t":47.8,"s":[0,0],"e":[52,52]},{"i":{"x":[0.833,0.833],"y":[0.718,0.718]},"o":{"x":[0.167,0.167],"y":[0,0]},"n":["0p833_0p718_0p167_0","0p833_0p718_0p167_0"],"t":59,"s":[52,52],"e":[0,0]},{"t":70.000390625}],"ix":3},"r":{"a":0,"k":0,"ix":6},"o":{"a":0,"k":100,"ix":7},"sk":{"a":0,"k":0,"ix":4},"sa":{"a":0,"k":0,"ix":5},"nm":"Transformar"}],"nm":"heart","np":3,"cix":2,"ix":1,"mn":"ADBE Vector Group","hd":false}],"ip":47.8,"op":73,"st":8.6,"bm":0},{"ddd":0,"ind":9,"ty":4,"nm":"heart fill 13","sr":1,"ks":{"o":{"a":0,"k":100,"ix":11},"r":{"a":0,"k":0,"ix":10},"p":{"a":0,"k":[349.304,164.567,0],"ix":2},"a":{"a":0,"k":[-910.422,169.524,0],"ix":1},"s":{"a":0,"k":[33.202,33.202,100],"ix":6}},"ao":0,"shapes":[{"ty":"gr","it":[{"ty":"fl","c":{"a":0,"k":[1,1,1,1],"ix":4},"o":{"a":0,"k":100,"ix":5},"r":1,"nm":"Fill 1","mn":"ADBE Vector Graphic - Fill","hd":false},{"ty":"gr","it":[{"ty":"gr","it":[{"ty":"gr","it":[{"ind":0,"ty":"sh","ix":1,"ks":{"a":0,"k":{"i":[[-3.739,-6.837],[0,0],[-1.653,-0.905],[0,0],[6.837,-3.739],[0,0],[0.905,-1.653],[0,0],[3.739,6.837],[0,0],[1.655,0.904],[0,0],[-6.836,3.739],[0,0],[-0.904,1.654],[0,0]],"o":[[0,0],[0.905,1.654],[0,0],[6.837,3.739],[0,0],[-1.653,0.904],[0,0],[-3.739,6.837],[0,0],[-0.904,-1.653],[0,0],[-6.836,-3.739],[0,0],[1.655,-0.905],[0,0],[3.739,-6.837]],"v":[[8.649,-153.133],[58.346,-62.264],[62.264,-58.345],[153.132,-8.648],[153.132,8.648],[62.264,58.346],[58.346,62.265],[8.649,153.133],[-8.649,153.133],[-58.346,62.265],[-62.265,58.346],[-153.133,8.648],[-153.133,-8.648],[-62.265,-58.345],[-58.346,-62.264],[-8.649,-153.133]],"c":true},"ix":2},"nm":"Trazado 1","mn":"ADBE Vector Shape - Group","hd":false},{"ty":"fl","c":{"a":0,"k":[0.929000016755,0.783999992819,0.20800000359,1],"ix":4},"o":{"a":0,"k":100,"ix":5},"r":1,"nm":"Relleno 1","mn":"ADBE Vector Graphic - Fill","hd":false},{"ty":"tr","p":{"a":0,"k":[175.651,-73.003],"ix":2},"a":{"a":0,"k":[0,0],"ix":1},"s":{"a":0,"k":[57.664,57.664],"ix":3},"r":{"a":0,"k":0,"ix":6},"o":{"a":0,"k":100,"ix":7},"sk":{"a":0,"k":0,"ix":4},"sa":{"a":0,"k":0,"ix":5},"nm":"Transformar"}],"nm":"Grupo 1","np":2,"cix":2,"ix":1,"mn":"ADBE Vector Group","hd":false},{"ty":"tr","p":{"a":0,"k":[0,0],"ix":2},"a":{"a":0,"k":[0,0],"ix":1},"s":{"a":0,"k":[100,100],"ix":3},"r":{"a":0,"k":0,"ix":6},"o":{"a":0,"k":100,"ix":7},"sk":{"a":0,"k":0,"ix":4},"sa":{"a":0,"k":0,"ix":5},"nm":"Transformar"}],"nm":"Grupo 1","np":1,"cix":2,"ix":1,"mn":"ADBE Vector Group","hd":false},{"ty":"tr","p":{"a":0,"k":[-220.639,-161.227],"ix":2},"a":{"a":0,"k":[183.275,-68.067],"ix":1},"s":{"a":0,"k":[100,100],"ix":3},"r":{"a":0,"k":0,"ix":6},"o":{"a":0,"k":100,"ix":7},"sk":{"a":0,"k":0,"ix":4},"sa":{"a":0,"k":0,"ix":5},"nm":"Transformar"}],"nm":"Grupo 1","np":1,"cix":2,"ix":3,"mn":"ADBE Vector Group","hd":false},{"ty":"tr","p":{"a":0,"k":[-921.432,165.427],"ix":2},"a":{"a":0,"k":[-240.225,-174.054],"ix":1},"s":{"a":1,"k":[{"i":{"x":[0.833,0.833],"y":[1,1]},"o":{"x":[0.167,0.167],"y":[0.167,0.167]},"n":["0p833_1_0p167_0p167","0p833_1_0p167_0p167"],"t":38.8,"s":[0,0],"e":[52,52]},{"i":{"x":[0.833,0.833],"y":[0.718,0.718]},"o":{"x":[0.167,0.167],"y":[0,0]},"n":["0p833_0p718_0p167_0","0p833_0p718_0p167_0"],"t":50,"s":[52,52],"e":[0,0]},{"t":61.000390625}],"ix":3},"r":{"a":0,"k":0,"ix":6},"o":{"a":0,"k":100,"ix":7},"sk":{"a":0,"k":0,"ix":4},"sa":{"a":0,"k":0,"ix":5},"nm":"Transformar"}],"nm":"heart","np":3,"cix":2,"ix":1,"mn":"ADBE Vector Group","hd":false}],"ip":38.8,"op":64,"st":-0.4,"bm":0},{"ddd":0,"ind":10,"ty":4,"nm":"heart fill 16","sr":1,"ks":{"o":{"a":0,"k":100,"ix":11},"r":{"a":0,"k":0,"ix":10},"p":{"a":0,"k":[109.304,279.138,0],"ix":2},"a":{"a":0,"k":[-910.422,169.524,0],"ix":1},"s":{"a":0,"k":[33.202,33.202,100],"ix":6}},"ao":0,"shapes":[{"ty":"gr","it":[{"ty":"fl","c":{"a":0,"k":[1,1,1,1],"ix":4},"o":{"a":0,"k":100,"ix":5},"r":1,"nm":"Fill 1","mn":"ADBE Vector Graphic - Fill","hd":false},{"ty":"gr","it":[{"ty":"gr","it":[{"ty":"gr","it":[{"ind":0,"ty":"sh","ix":1,"ks":{"a":0,"k":{"i":[[-3.739,-6.837],[0,0],[-1.653,-0.905],[0,0],[6.837,-3.739],[0,0],[0.905,-1.653],[0,0],[3.739,6.837],[0,0],[1.655,0.904],[0,0],[-6.836,3.739],[0,0],[-0.904,1.654],[0,0]],"o":[[0,0],[0.905,1.654],[0,0],[6.837,3.739],[0,0],[-1.653,0.904],[0,0],[-3.739,6.837],[0,0],[-0.904,-1.653],[0,0],[-6.836,-3.739],[0,0],[1.655,-0.905],[0,0],[3.739,-6.837]],"v":[[8.649,-153.133],[58.346,-62.264],[62.264,-58.345],[153.132,-8.648],[153.132,8.648],[62.264,58.346],[58.346,62.265],[8.649,153.133],[-8.649,153.133],[-58.346,62.265],[-62.265,58.346],[-153.133,8.648],[-153.133,-8.648],[-62.265,-58.345],[-58.346,-62.264],[-8.649,-153.133]],"c":true},"ix":2},"nm":"Trazado 1","mn":"ADBE Vector Shape - Group","hd":false},{"ty":"fl","c":{"a":0,"k":[0.929000016755,0.783999992819,0.20800000359,1],"ix":4},"o":{"a":0,"k":100,"ix":5},"r":1,"nm":"Relleno 1","mn":"ADBE Vector Graphic - Fill","hd":false},{"ty":"tr","p":{"a":0,"k":[175.651,-73.003],"ix":2},"a":{"a":0,"k":[0,0],"ix":1},"s":{"a":0,"k":[57.664,57.664],"ix":3},"r":{"a":0,"k":0,"ix":6},"o":{"a":0,"k":100,"ix":7},"sk":{"a":0,"k":0,"ix":4},"sa":{"a":0,"k":0,"ix":5},"nm":"Transformar"}],"nm":"Grupo 1","np":2,"cix":2,"ix":1,"mn":"ADBE Vector Group","hd":false},{"ty":"tr","p":{"a":0,"k":[0,0],"ix":2},"a":{"a":0,"k":[0,0],"ix":1},"s":{"a":0,"k":[100,100],"ix":3},"r":{"a":0,"k":0,"ix":6},"o":{"a":0,"k":100,"ix":7},"sk":{"a":0,"k":0,"ix":4},"sa":{"a":0,"k":0,"ix":5},"nm":"Transformar"}],"nm":"Grupo 1","np":1,"cix":2,"ix":1,"mn":"ADBE Vector Group","hd":false},{"ty":"tr","p":{"a":0,"k":[-220.639,-161.227],"ix":2},"a":{"a":0,"k":[183.275,-68.067],"ix":1},"s":{"a":0,"k":[100,100],"ix":3},"r":{"a":0,"k":0,"ix":6},"o":{"a":0,"k":100,"ix":7},"sk":{"a":0,"k":0,"ix":4},"sa":{"a":0,"k":0,"ix":5},"nm":"Transformar"}],"nm":"Grupo 1","np":1,"cix":2,"ix":3,"mn":"ADBE Vector Group","hd":false},{"ty":"tr","p":{"a":0,"k":[-921.432,165.427],"ix":2},"a":{"a":0,"k":[-240.225,-174.054],"ix":1},"s":{"a":1,"k":[{"i":{"x":[0.833,0.833],"y":[1,1]},"o":{"x":[0.167,0.167],"y":[0.167,0.167]},"n":["0p833_1_0p167_0p167","0p833_1_0p167_0p167"],"t":38.8,"s":[0,0],"e":[52,52]},{"i":{"x":[0.833,0.833],"y":[0.718,0.718]},"o":{"x":[0.167,0.167],"y":[0,0]},"n":["0p833_0p718_0p167_0","0p833_0p718_0p167_0"],"t":50,"s":[52,52],"e":[0,0]},{"t":61.000390625}],"ix":3},"r":{"a":0,"k":0,"ix":6},"o":{"a":0,"k":100,"ix":7},"sk":{"a":0,"k":0,"ix":4},"sa":{"a":0,"k":0,"ix":5},"nm":"Transformar"}],"nm":"heart","np":3,"cix":2,"ix":1,"mn":"ADBE Vector Group","hd":false}],"ip":38.8,"op":64,"st":-0.4,"bm":0},{"ddd":0,"ind":11,"ty":4,"nm":"heart fill 12","sr":1,"ks":{"o":{"a":0,"k":100,"ix":11},"r":{"a":0,"k":0,"ix":10},"p":{"a":0,"k":[422.304,209.138,0],"ix":2},"a":{"a":0,"k":[-910.422,169.524,0],"ix":1},"s":{"a":0,"k":[33.202,33.202,100],"ix":6}},"ao":0,"shapes":[{"ty":"gr","it":[{"ty":"fl","c":{"a":0,"k":[1,1,1,1],"ix":4},"o":{"a":0,"k":100,"ix":5},"r":1,"nm":"Fill 1","mn":"ADBE Vector Graphic - Fill","hd":false},{"ty":"gr","it":[{"ty":"gr","it":[{"ty":"gr","it":[{"ind":0,"ty":"sh","ix":1,"ks":{"a":0,"k":{"i":[[-3.739,-6.837],[0,0],[-1.653,-0.905],[0,0],[6.837,-3.739],[0,0],[0.905,-1.653],[0,0],[3.739,6.837],[0,0],[1.655,0.904],[0,0],[-6.836,3.739],[0,0],[-0.904,1.654],[0,0]],"o":[[0,0],[0.905,1.654],[0,0],[6.837,3.739],[0,0],[-1.653,0.904],[0,0],[-3.739,6.837],[0,0],[-0.904,-1.653],[0,0],[-6.836,-3.739],[0,0],[1.655,-0.905],[0,0],[3.739,-6.837]],"v":[[8.649,-153.133],[58.346,-62.264],[62.264,-58.345],[153.132,-8.648],[153.132,8.648],[62.264,58.346],[58.346,62.265],[8.649,153.133],[-8.649,153.133],[-58.346,62.265],[-62.265,58.346],[-153.133,8.648],[-153.133,-8.648],[-62.265,-58.345],[-58.346,-62.264],[-8.649,-153.133]],"c":true},"ix":2},"nm":"Trazado 1","mn":"ADBE Vector Shape - Group","hd":false},{"ty":"fl","c":{"a":0,"k":[0.929000016755,0.783999992819,0.20800000359,1],"ix":4},"o":{"a":0,"k":100,"ix":5},"r":1,"nm":"Relleno 1","mn":"ADBE Vector Graphic - Fill","hd":false},{"ty":"tr","p":{"a":0,"k":[175.651,-73.003],"ix":2},"a":{"a":0,"k":[0,0],"ix":1},"s":{"a":0,"k":[57.664,57.664],"ix":3},"r":{"a":0,"k":0,"ix":6},"o":{"a":0,"k":100,"ix":7},"sk":{"a":0,"k":0,"ix":4},"sa":{"a":0,"k":0,"ix":5},"nm":"Transformar"}],"nm":"Grupo 1","np":2,"cix":2,"ix":1,"mn":"ADBE Vector Group","hd":false},{"ty":"tr","p":{"a":0,"k":[0,0],"ix":2},"a":{"a":0,"k":[0,0],"ix":1},"s":{"a":0,"k":[100,100],"ix":3},"r":{"a":0,"k":0,"ix":6},"o":{"a":0,"k":100,"ix":7},"sk":{"a":0,"k":0,"ix":4},"sa":{"a":0,"k":0,"ix":5},"nm":"Transformar"}],"nm":"Grupo 1","np":1,"cix":2,"ix":1,"mn":"ADBE Vector Group","hd":false},{"ty":"tr","p":{"a":0,"k":[-220.639,-161.227],"ix":2},"a":{"a":0,"k":[183.275,-68.067],"ix":1},"s":{"a":0,"k":[100,100],"ix":3},"r":{"a":0,"k":0,"ix":6},"o":{"a":0,"k":100,"ix":7},"sk":{"a":0,"k":0,"ix":4},"sa":{"a":0,"k":0,"ix":5},"nm":"Transformar"}],"nm":"Grupo 1","np":1,"cix":2,"ix":3,"mn":"ADBE Vector Group","hd":false},{"ty":"tr","p":{"a":0,"k":[-921.432,165.427],"ix":2},"a":{"a":0,"k":[-240.225,-174.054],"ix":1},"s":{"a":1,"k":[{"i":{"x":[0.833,0.833],"y":[1,1]},"o":{"x":[0.167,0.167],"y":[0.167,0.167]},"n":["0p833_1_0p167_0p167","0p833_1_0p167_0p167"],"t":34.8,"s":[0,0],"e":[52,52]},{"i":{"x":[0.833,0.833],"y":[0.718,0.718]},"o":{"x":[0.167,0.167],"y":[0,0]},"n":["0p833_0p718_0p167_0","0p833_0p718_0p167_0"],"t":46,"s":[52,52],"e":[0,0]},{"t":57.000390625}],"ix":3},"r":{"a":0,"k":0,"ix":6},"o":{"a":0,"k":100,"ix":7},"sk":{"a":0,"k":0,"ix":4},"sa":{"a":0,"k":0,"ix":5},"nm":"Transformar"}],"nm":"heart","np":3,"cix":2,"ix":1,"mn":"ADBE Vector Group","hd":false}],"ip":34.8,"op":60,"st":-4.4,"bm":0},{"ddd":0,"ind":12,"ty":4,"nm":"heart fill 11","sr":1,"ks":{"o":{"a":0,"k":100,"ix":11},"r":{"a":0,"k":0,"ix":10},"p":{"a":0,"k":[400.304,160.167,0],"ix":2},"a":{"a":0,"k":[-910.422,169.524,0],"ix":1},"s":{"a":0,"k":[33.202,33.202,100],"ix":6}},"ao":0,"shapes":[{"ty":"gr","it":[{"ty":"fl","c":{"a":0,"k":[1,1,1,1],"ix":4},"o":{"a":0,"k":100,"ix":5},"r":1,"nm":"Fill 1","mn":"ADBE Vector Graphic - Fill","hd":false},{"ty":"gr","it":[{"ty":"gr","it":[{"ty":"gr","it":[{"ind":0,"ty":"sh","ix":1,"ks":{"a":0,"k":{"i":[[-3.739,-6.837],[0,0],[-1.653,-0.905],[0,0],[6.837,-3.739],[0,0],[0.905,-1.653],[0,0],[3.739,6.837],[0,0],[1.655,0.904],[0,0],[-6.836,3.739],[0,0],[-0.904,1.654],[0,0]],"o":[[0,0],[0.905,1.654],[0,0],[6.837,3.739],[0,0],[-1.653,0.904],[0,0],[-3.739,6.837],[0,0],[-0.904,-1.653],[0,0],[-6.836,-3.739],[0,0],[1.655,-0.905],[0,0],[3.739,-6.837]],"v":[[8.649,-153.133],[58.346,-62.264],[62.264,-58.345],[153.132,-8.648],[153.132,8.648],[62.264,58.346],[58.346,62.265],[8.649,153.133],[-8.649,153.133],[-58.346,62.265],[-62.265,58.346],[-153.133,8.648],[-153.133,-8.648],[-62.265,-58.345],[-58.346,-62.264],[-8.649,-153.133]],"c":true},"ix":2},"nm":"Trazado 1","mn":"ADBE Vector Shape - Group","hd":false},{"ty":"fl","c":{"a":0,"k":[0.929000016755,0.783999992819,0.20800000359,1],"ix":4},"o":{"a":0,"k":100,"ix":5},"r":1,"nm":"Relleno 1","mn":"ADBE Vector Graphic - Fill","hd":false},{"ty":"tr","p":{"a":0,"k":[175.651,-73.003],"ix":2},"a":{"a":0,"k":[0,0],"ix":1},"s":{"a":0,"k":[57.664,57.664],"ix":3},"r":{"a":0,"k":0,"ix":6},"o":{"a":0,"k":100,"ix":7},"sk":{"a":0,"k":0,"ix":4},"sa":{"a":0,"k":0,"ix":5},"nm":"Transformar"}],"nm":"Grupo 1","np":2,"cix":2,"ix":1,"mn":"ADBE Vector Group","hd":false},{"ty":"tr","p":{"a":0,"k":[0,0],"ix":2},"a":{"a":0,"k":[0,0],"ix":1},"s":{"a":0,"k":[100,100],"ix":3},"r":{"a":0,"k":0,"ix":6},"o":{"a":0,"k":100,"ix":7},"sk":{"a":0,"k":0,"ix":4},"sa":{"a":0,"k":0,"ix":5},"nm":"Transformar"}],"nm":"Grupo 1","np":1,"cix":2,"ix":1,"mn":"ADBE Vector Group","hd":false},{"ty":"tr","p":{"a":0,"k":[-220.639,-161.227],"ix":2},"a":{"a":0,"k":[183.275,-68.067],"ix":1},"s":{"a":0,"k":[100,100],"ix":3},"r":{"a":0,"k":0,"ix":6},"o":{"a":0,"k":100,"ix":7},"sk":{"a":0,"k":0,"ix":4},"sa":{"a":0,"k":0,"ix":5},"nm":"Transformar"}],"nm":"Grupo 1","np":1,"cix":2,"ix":3,"mn":"ADBE Vector Group","hd":false},{"ty":"tr","p":{"a":0,"k":[-921.432,165.427],"ix":2},"a":{"a":0,"k":[-240.225,-174.054],"ix":1},"s":{"a":1,"k":[{"i":{"x":[0.833,0.833],"y":[1,1]},"o":{"x":[0.167,0.167],"y":[0.167,0.167]},"n":["0p833_1_0p167_0p167","0p833_1_0p167_0p167"],"t":30.8,"s":[0,0],"e":[120,120]},{"i":{"x":[0.833,0.833],"y":[0.878,0.878]},"o":{"x":[0.167,0.167],"y":[0,0]},"n":["0p833_0p878_0p167_0","0p833_0p878_0p167_0"],"t":42,"s":[120,120],"e":[0,0]},{"t":53.000390625}],"ix":3},"r":{"a":0,"k":0,"ix":6},"o":{"a":0,"k":100,"ix":7},"sk":{"a":0,"k":0,"ix":4},"sa":{"a":0,"k":0,"ix":5},"nm":"Transformar"}],"nm":"heart","np":3,"cix":2,"ix":1,"mn":"ADBE Vector Group","hd":false}],"ip":30.8,"op":56,"st":-8.4,"bm":0},{"ddd":0,"ind":13,"ty":4,"nm":"heart moving 2","sr":1,"ks":{"o":{"a":1,"k":[{"i":{"x":[0.833],"y":[0.833]},"o":{"x":[0.167],"y":[0.167]},"n":["0p833_0p833_0p167_0p167"],"t":126.4,"s":[100],"e":[0]},{"t":129.5998046875}],"ix":11},"r":{"a":0,"k":0,"ix":10},"p":{"a":0,"k":[837.686,601.054,0],"ix":2},"a":{"a":0,"k":[37.387,-3.845,0],"ix":1},"s":{"a":0,"k":[58.179,58.179,100],"ix":6}},"ao":0,"shapes":[{"ty":"gr","it":[{"ty":"st","c":{"a":0,"k":[0.854901960784,0.828515385646,0.107281808292,1],"ix":3},"o":{"a":0,"k":100,"ix":4},"w":{"a":1,"k":[{"i":{"x":[0.225],"y":[1]},"o":{"x":[0.333],"y":[0]},"n":["0p225_1_0p333_0"],"t":122.667,"s":[21],"e":[0]},{"t":131.200390625}],"ix":5},"lc":1,"lj":1,"ml":4,"nm":"Stroke 1","mn":"ADBE Vector Graphic - Stroke","hd":false},{"ty":"gr","it":[{"ty":"gr","it":[{"ind":0,"ty":"sh","ix":1,"ks":{"a":0,"k":{"i":[[-3.739,-6.837],[0,0],[-1.653,-0.905],[0,0],[6.837,-3.739],[0,0],[0.905,-1.653],[0,0],[3.739,6.837],[0,0],[1.655,0.904],[0,0],[-6.836,3.739],[0,0],[-0.904,1.654],[0,0]],"o":[[0,0],[0.905,1.654],[0,0],[6.837,3.739],[0,0],[-1.653,0.904],[0,0],[-3.739,6.837],[0,0],[-0.904,-1.653],[0,0],[-6.836,-3.739],[0,0],[1.655,-0.905],[0,0],[3.739,-6.837]],"v":[[8.649,-153.133],[58.346,-62.264],[62.264,-58.345],[153.132,-8.648],[153.132,8.648],[62.264,58.346],[58.346,62.265],[8.649,153.133],[-8.649,153.133],[-58.346,62.265],[-62.265,58.346],[-153.133,8.648],[-153.133,-8.648],[-62.265,-58.345],[-58.346,-62.264],[-8.649,-153.133]],"c":true},"ix":2},"nm":"Trazado 1","mn":"ADBE Vector Shape - Group","hd":false},{"ty":"fl","c":{"a":0,"k":[0.929000016755,0.783999992819,0.20800000359,1],"ix":4},"o":{"a":0,"k":100,"ix":5},"r":1,"nm":"Relleno 1","mn":"ADBE Vector Graphic - Fill","hd":false},{"ty":"tr","p":{"a":0,"k":[175.651,-73.003],"ix":2},"a":{"a":0,"k":[0,0],"ix":1},"s":{"a":0,"k":[57.664,57.664],"ix":3},"r":{"a":0,"k":0,"ix":6},"o":{"a":0,"k":100,"ix":7},"sk":{"a":0,"k":0,"ix":4},"sa":{"a":0,"k":0,"ix":5},"nm":"Transformar"}],"nm":"Grupo 1","np":2,"cix":2,"ix":1,"mn":"ADBE Vector Group","hd":false},{"ty":"tr","p":{"a":0,"k":[8.411,17.915],"ix":2},"a":{"a":0,"k":[0,0],"ix":1},"s":{"a":0,"k":[100,100],"ix":3},"r":{"a":0,"k":0,"ix":6},"o":{"a":0,"k":100,"ix":7},"sk":{"a":0,"k":0,"ix":4},"sa":{"a":0,"k":0,"ix":5},"nm":"Transformar"}],"nm":"Grupo 1","np":1,"cix":2,"ix":3,"mn":"ADBE Vector Group","hd":false},{"ty":"tr","p":{"a":1,"k":[{"i":{"x":0.111,"y":1},"o":{"x":0.46,"y":0},"n":"0p111_1_0p46_0","t":120,"s":[202.994,-69.138],"e":[-17.21,89.782],"to":[-36.7006645202637,26.4866218566895],"ti":[36.7006645202637,-26.4866218566895]},{"t":131.200390625}],"ix":2},"a":{"a":0,"k":[170.13,-81.818],"ix":1},"s":{"a":1,"k":[{"i":{"x":[0.104,0.104],"y":[1,1]},"o":{"x":[0.333,0.333],"y":[0,0]},"n":["0p104_1_0p333_0","0p104_1_0p333_0"],"t":120,"s":[0,0],"e":[70,70]},{"t":128.0001953125}],"ix":3},"r":{"a":1,"k":[{"i":{"x":[0.152],"y":[1]},"o":{"x":[0.167],"y":[0]},"n":["0p152_1_0p167_0"],"t":120,"s":[-87],"e":[12]},{"t":131.200390625}],"ix":6},"o":{"a":0,"k":100,"ix":7},"sk":{"a":0,"k":0,"ix":4},"sa":{"a":0,"k":0,"ix":5},"nm":"Transformar"}],"nm":"heart","np":3,"cix":2,"ix":1,"mn":"ADBE Vector Group","hd":false}],"ip":120,"op":135.2,"st":80.8,"bm":0},{"ddd":0,"ind":17,"ty":1,"nm":"Sólido Blanco 2","sr":1,"ks":{"o":{"a":0,"k":100,"ix":11},"r":{"a":0,"k":0,"ix":10},"p":{"a":0,"k":[250,400,0],"ix":2},"a":{"a":0,"k":[250,400,0],"ix":1},"s":{"a":0,"k":[100,100,100],"ix":6}},"ao":0,"sw":500,"sh":800,"sc":"#ffffff","ip":0,"op":1080,"st":0,"bm":0}],"markers":[]}